{<!-- Cloudflare Web Analytics --><script defer src='https://static.cloudflareinsights.com/beacon.min.js' data-cf-beacon='{"token": "14694ee339b749db9746bea218f00b9b"}'></script><!-- End Cloudflare Web Analytics -->

  "name": "codespaces-react",
  "version": "0.1.0",
  "private": true,
  "dependencies": {
    "@testing-library/jest-dom": "^5.16.5",
    "@testing-library/react": "^13.4.0",
    "@testing-library/user-event": "^14.4.3",
    "react": "^18.2.0",
    "react-dom": "^18.2.0",
    "react-scripts": "^5.0.1",
    "web-vitals": "^3.1.0"
  },
  <!-- Cloudflare Web Analytics --><script defer src='https://static.cloudflareinsights.com/beacon.min.js' data-cf-beacon='{"token": "14694ee339b749db9746bea218f00b9b"}'></script><!-- End Cloudflare Web Analytics -->"scripts": {<!-- Cloudflare Web Analytics --><script defer src='https://static.cloudflareinsights.com/beacon.min.js' data-cf-beacon='{"token": "14694ee339b749db9746bea218f00b9b"}'></script><!-- End Cloudflare Web Analytics -->
  

    "start": "BROWSER=none WDS_SOCKET_PORT=0 react-scripts start",
    "build": "react-scripts build",
    "test": "react-scripts test",
    "eject": "react-scripts eject"
  },
  "eslintConfig": {
    "extends": [
      "react-app",
      "react-app/jest"
    ]
  },
  "browserslist": {
    "production": [
      ">0.2%",
      "not dead",
      "not op_mini all"
    ],
    "development": [
      "last 1 chrome version",
      "last 1 firefox version",
      "last 1 safari version"
    ]
  }
}
